10,0,67.0	
10,100,64.3333333333	
10,1000,69.0	
10,1013,69.3333333333	
10,1033,66.5	
10,1043,65.5	
10,1045,63.0	
10,1100,72.0	
10,1113,70.7142857143	
10,113,66.75	
10,1133,79.0	
10,1143,65.6666666667	
10,1145,65.0	
10,1200,76.3333333333	
10,1213,67.8	
10,1233,62.1666666667	
10,1243,61.6666666667	
10,1245,64.0	
10,13,72.0	
10,1300,74.6666666667	
10,1313,64.2	
10,133,66.0	
10,1333,67.75	
10,1343,69.1666666667	
10,1345,68.0	
10,1400,67.6666666667	
10,1413,72.8888888889	
10,143,69.5	
10,1433,71.0	
10,1443,72.25	
10,1445,69.0	
10,145,58.5	
10,1500,75.0	
10,1513,68.5	
10,1533,75.0	
10,1543,69.0	
10,1545,63.0	
10,1600,63.0	
10,1613,64.8	
10,1633,71.5	
10,1643,60.0	
10,1645,70.3333333333	
10,1700,64.75	
10,1713,69.3333333333	
10,1743,68.8	
10,1745,75.0	
10,1800,67.75	
10,1813,61.8	
10,1833,61.3333333333	
10,1843,69.0	
10,1845,68.5714285714	
10,1900,59.2	
10,1913,66.0	
10,1933,77.0	
10,1943,64.5	
10,1945,73.0	
10,200,76.0	
10,2000,70.6666666667	
10,2013,64.4285714286	
10,2033,62.0	
10,2043,60.0	
10,2045,66.5	
10,2100,66.6666666667	
10,2113,66.5454545455	
10,213,75.6666666667	
10,2133,66.3333333333	
10,2143,67.3333333333	
10,2145,70.0	
10,2200,66.5	
10,2213,70.2	
10,2233,67.75	
10,2243,66.6	
10,2245,62.0	
10,2313,68.625	
10,233,61.2	
10,2333,55.0	
10,2343,70.5	
10,2345,67.0	
10,243,62.8	
10,300,70.6666666667	
10,313,67.25	
10,33,63.0	
10,333,69.3333333333	
10,343,66.0	
10,345,71.5	
10,400,70.5	
10,413,70.8571428571	
10,43,69.5	
10,433,65.75	
10,443,71.0	
10,445,71.0	
10,45,61.3333333333	
10,500,70.0	
10,513,69.2857142857	
10,543,69.0	
10,545,70.5	
10,600,67.0	
10,613,67.5714285714	
10,633,59.0	
10,643,73.0	
10,645,62.0	
10,700,57.5	
10,713,67.4	
10,733,64.6666666667	
10,743,67.6666666667	
10,745,78.0	
10,800,75.5	
10,813,66.4285714286	
10,833,63.0	
10,843,66.5	
10,845,73.6	
10,913,74.25	
10,933,65.0	
10,943,68.3333333333	
10,945,68.5	
11,100,55.0	
11,1000,64.0	
11,1013,69.0	
11,1033,68.0	
11,1043,71.25	
11,1045,63.3333333333	
11,1100,65.0	
11,1113,66.5	
11,113,66.1428571429	
11,1133,71.0	
11,1143,68.0	
11,1145,79.0	
11,1200,72.0	
11,1213,67.2	
11,1233,67.5	
11,1243,55.0	
11,1245,70.0	
11,13,66.5714285714	
11,1300,67.0	
11,1313,65.5714285714	
11,133,72.0	
11,1343,72.6666666667	
11,1345,63.0	
11,1400,73.0	
11,1413,64.0	
11,143,66.5	
11,1433,68.0	
11,1443,65.8	
11,1445,61.5	
11,1500,72.0	
11,1513,66.0	
11,1533,76.75	
11,1543,69.5	
11,1600,66.0	
11,1613,68.0	
11,1633,66.5	
11,1643,70.0	
11,1645,65.3333333333	
11,1700,73.25	
11,1713,69.25	
11,1733,75.0	
11,1743,65.0	
11,1745,56.0	
11,1800,63.5	
11,1813,68.0	
11,1833,69.8333333333	
11,1843,73.0	
11,1845,63.5	
11,1900,66.0	
11,1913,71.6	
11,1933,65.3333333333	
11,1943,70.25	
11,1945,74.5	
11,200,74.0	
11,2000,67.5	
11,2013,68.6666666667	
11,2033,67.2	
11,2043,71.75	
11,2045,70.6666666667	
11,2100,66.6666666667	
11,2113,64.6666666667	
11,213,68.25	
11,2133,68.6	
11,2143,57.0	
11,2200,69.0	
11,2213,64.0	
11,2233,59.5	
11,2243,64.0	
11,2245,67.6666666667	
11,2300,65.6666666667	
11,2313,72.0	
11,233,60.75	
11,2333,70.0	
11,2343,68.0	
11,2345,62.0	
11,243,55.5	
11,245,79.5	
11,300,68.0	
11,313,68.5	
11,33,64.0	
11,333,68.25	
11,343,60.0	
11,345,63.5	
11,400,64.6	
11,413,64.0	
11,43,68.0	
11,433,72.0	
11,443,77.0	
11,445,77.0	
11,45,69.25	
11,500,64.4	
11,513,69.1428571429	
11,533,61.5	
11,543,58.0	
11,545,68.25	
11,600,68.75	
11,613,67.9	
11,633,73.3333333333	
11,643,66.0	
11,645,72.8	
11,700,68.5	
11,713,66.0	
11,733,71.5	
11,743,63.3333333333	
11,745,67.8	
11,800,60.0	
11,813,63.2	
11,833,64.25	
11,843,62.6	
11,845,63.0	
11,900,60.0	
11,913,69.2	
11,943,63.0	
11,945,77.0	
12,0,71.2	
12,100,60.0	
12,1000,66.6666666667	
12,1013,61.0	
12,1033,66.0	
12,1043,70.5	
12,1045,68.5	
12,1100,69.0	
12,1113,68.8571428571	
12,113,68.8888888889	
12,1133,70.6666666667	
12,1143,75.6666666667	
12,1145,71.0	
12,1200,75.5	
12,1213,72.0	
12,1233,62.0	
12,1243,73.5	
12,1245,71.6666666667	
12,13,68.5	
12,1300,69.75	
12,1313,71.8571428571	
12,133,66.0	
12,1333,64.6666666667	
12,1343,64.0	
12,1345,71.0	
12,1400,55.0	
12,1413,74.5	
12,143,69.5	
12,1433,67.0	
12,1443,74.5	
12,1445,69.0	
12,145,65.0	
12,1500,70.75	
12,1513,69.3333333333	
12,1533,65.1666666667	
12,1543,69.4	
12,1545,66.3333333333	
12,1600,67.5	
12,1613,65.8333333333	
12,1633,67.0	
12,1643,71.5	
12,1645,79.0	
12,1700,69.6666666667	
12,1713,61.4444444444	
12,1733,63.5	
12,1743,66.5	
12,1745,66.5	
12,1800,69.0	
12,1813,68.625	
12,1833,68.2	
12,1843,72.6666666667	
12,1845,70.3333333333	
12,1900,69.5	
12,1913,72.3333333333	
12,1933,62.6666666667	
12,1943,60.5	
12,200,74.0	
12,2000,73.0	
12,2013,67.5	
12,2033,72.0	
12,2043,67.0	
12,2100,71.25	
12,2113,63.2857142857	
12,213,68.2	
12,2133,66.0	
12,2143,68.0	
12,2145,68.3333333333	
12,2200,69.0	
12,2213,72.6666666667	
12,2233,65.0	
12,2243,71.25	
12,2245,70.0	
12,2300,57.0	
12,2313,66.5	
12,233,67.0	
12,2333,79.0	
12,2343,69.25	
12,2345,73.0	
12,243,66.3333333333	
12,245,66.6	
12,300,56.5	
12,313,64.875	
12,33,72.25	
12,333,62.6666666667	
12,343,58.0	
12,345,70.6666666667	
12,400,68.0	
12,413,65.5	
12,43,59.75	
12,433,59.0	
12,443,67.2	
12,445,71.75	
12,45,73.0	
12,500,69.8333333333	
12,513,58.6666666667	
12,533,65.6666666667	
12,543,64.0	
12,600,63.1428571429	
12,613,67.8	
12,633,63.75	
12,643,69.75	
12,645,70.5	
12,700,69.0	
12,713,66.0	
12,733,68.0	
12,743,68.2	
12,800,67.0	
12,813,66.1111111111	
12,833,65.3333333333	
12,843,66.0	
12,900,68.6666666667	
12,913,63.25	
12,933,68.0	
12,943,71.4	
12,945,68.0	
13,100,71.6666666667	
13,1000,71.75	
13,1013,64.875	
13,1033,70.3333333333	
13,1043,72.0	
13,1045,71.3333333333	
13,1100,65.0	
13,1113,67.6	
13,113,62.8333333333	
13,1133,63.8	
13,1145,60.0	
13,1200,70.4	
13,1213,66.0	
13,1233,65.6666666667	
13,1243,61.3333333333	
13,1245,66.0	
13,13,62.0	
13,1300,67.2	
13,1313,68.3333333333	
13,133,65.25	
13,1333,62.0	
13,1343,66.5	
13,1345,70.0	
13,1400,72.5	
13,1413,66.875	
13,143,66.3333333333	
13,1433,68.0	
13,1443,68.0	
13,1445,72.0	
13,145,64.0	
13,1500,61.0	
13,1513,67.0	
13,1533,72.0	
13,1543,72.0	
13,1545,75.0	
13,1600,71.0	
13,1613,67.0	
13,1633,71.0	
13,1643,60.5	
13,1645,69.5	
13,1700,65.5	
13,1713,66.2	
13,1733,55.0	
13,1743,69.25	
13,1800,66.2	
13,1813,65.625	
13,1833,67.5	
13,1843,63.5	
13,1900,70.3333333333	
13,1913,71.6666666667	
13,1933,68.5	
13,1943,73.25	
13,1945,64.5	
13,200,80.0	
13,2000,58.5	
13,2013,68.6	
13,2033,71.0	
13,2045,66.0	
13,2100,71.5	
13,2113,70.3333333333	
13,213,71.0	
13,2133,74.0	
13,2143,66.6666666667	
13,2145,69.0	
13,2200,70.25	
13,2213,65.8333333333	
13,2233,64.1666666667	
13,2243,66.3333333333	
13,2245,55.0	
13,2300,61.0	
13,2313,73.3333333333	
13,233,65.5	
13,2333,63.5	
13,2343,64.4	
13,243,64.0	
13,300,60.0	
13,313,70.1428571429	
13,333,69.0	
13,343,78.0	
13,345,66.25	
13,400,62.6666666667	
13,413,77.5	
13,43,70.0	
13,433,72.0	
13,443,64.6	
13,445,59.0	
13,500,62.3333333333	
13,513,65.25	
13,533,68.2	
13,543,68.3333333333	
13,545,68.2	
13,600,63.0	
13,613,66.2	
13,633,73.5	
13,643,60.0	
13,645,70.0	
13,700,56.0	
13,713,66.8571428571	
13,733,63.0	
13,743,70.25	
13,745,65.5	
13,800,62.3333333333	
13,813,65.5714285714	
13,833,68.5	
13,843,66.6666666667	
13,845,65.75	
13,900,61.75	
13,913,69.2857142857	
13,933,74.5	
13,943,55.0	
13,945,68.4	
14,0,69.5	
14,100,75.6666666667	
14,1000,71.3333333333	
14,1013,66.6	
14,1033,61.0	
14,1043,63.6666666667	
14,1045,69.0	
14,1100,77.5	
14,1113,69.4	
14,113,68.4	
14,1133,61.5	
14,1143,72.0	
14,1145,68.6666666667	
14,1200,75.0	
14,1213,61.0	
14,1233,68.0	
14,1243,67.6666666667	
14,13,61.5	
14,1300,79.0	
14,1313,68.2857142857	
14,133,57.0	
14,1333,67.0	
14,1343,67.5	
14,1345,64.3333333333	
14,1400,67.3333333333	
14,1413,68.1666666667	
14,143,56.5	
14,1443,80.0	
14,1445,67.0	
14,145,64.0	
14,1500,65.5	
14,1513,70.875	
14,1533,64.6666666667	
14,1543,67.0	
14,1545,71.75	
14,1600,69.1666666667	
14,1613,66.7142857143	
14,1633,64.0	
14,1643,68.4	
14,1645,72.5	
14,1700,72.3333333333	
14,1713,71.5714285714	
14,1733,67.75	
14,1743,77.0	
14,1745,66.5	
14,1813,69.3333333333	
14,1833,70.0	
14,1845,67.3333333333	
14,1900,71.3333333333	
14,1913,65.3636363636	
14,1943,62.0	
14,1945,65.0	
14,200,67.0	
14,2000,71.6666666667	
14,2013,65.0	
14,2033,68.6666666667	
14,2043,69.5	
14,2045,67.3333333333	
14,2100,60.0	
14,2113,65.0	
14,213,70.75	
14,2133,66.0	
14,2143,65.6666666667	
14,2145,64.0	
14,2200,65.0	
14,2213,64.0	
14,2233,65.5	
14,2243,63.5	
14,2300,73.5	
14,2313,64.5	
14,233,68.0	
14,2333,61.0	
14,2343,68.75	
14,2345,72.0	
14,243,63.6666666667	
14,245,70.0	
14,300,66.5	
14,313,68.3636363636	
14,33,59.3333333333	
14,333,67.6666666667	
14,343,70.5	
14,345,58.5	
14,400,80.0	
14,413,67.5	
14,43,56.0	
14,433,71.5	
14,443,68.5	
14,445,77.0	
14,45,73.0	
14,500,73.5	
14,513,67.2	
14,533,73.0	
14,543,68.0	
14,545,62.5	
14,600,62.0	
14,613,69.8	
14,633,65.0	
14,643,76.0	
14,645,77.0	
14,713,68.0	
14,733,61.6666666667	
14,743,66.3333333333	
14,745,75.0	
14,800,75.0	
14,813,59.6	
14,833,64.0	
14,843,76.0	
14,845,60.75	
14,900,63.8333333333	
14,913,67.0	
14,933,73.5	
14,943,58.25	
14,945,73.0	
15,0,72.4	
15,100,71.2	
15,1000,65.0	
15,1013,66.0	
15,1033,68.6666666667	
15,1043,68.5	
15,1045,66.6666666667	
15,1100,74.0	
15,1113,67.6666666667	
15,113,70.3333333333	
15,1133,69.0	
15,1143,66.0	
15,1145,71.6	
15,1200,70.5	
15,1213,67.1666666667	
15,1233,65.75	
15,1243,77.0	
15,1245,64.5	
15,13,70.0	
15,1300,73.5	
15,1313,64.6	
15,133,55.0	
15,1333,70.6666666667	
15,1343,69.75	
15,1345,72.5	
15,1400,69.5	
15,1413,66.0	
15,143,71.6666666667	
15,1433,72.5	
15,1443,64.3333333333	
15,1445,58.0	
15,145,60.0	
15,1500,71.25	
15,1513,71.6666666667	
15,1533,69.5	
15,1543,73.5	
15,1600,67.8333333333	
15,1613,65.75	
15,1633,66.0	
15,1643,64.0	
15,1645,62.0	
15,1713,67.0	
15,1733,67.5	
15,1743,67.5	
15,1745,65.5	
15,1800,66.8333333333	
15,1813,69.7142857143	
15,1833,64.2	
15,1843,68.0	
15,1845,69.0	
15,1900,63.0	
15,1913,63.1111111111	
15,1933,70.0	
15,1943,69.4285714286	
15,1945,73.5	
15,200,68.0	
15,2000,68.0	
15,2013,65.25	
15,2033,64.25	
15,2043,71.6666666667	
15,2045,69.0	
15,2113,64.8	
15,213,68.125	
15,2133,71.0	
15,2143,61.0	
15,2145,59.0	
15,2200,69.6666666667	
15,2213,66.0	
15,2233,65.4	
15,2243,72.0	
15,2300,69.3333333333	
15,2313,67.75	
15,233,64.5	
15,2333,64.0	
15,2343,67.6666666667	
15,2345,67.0	
15,243,71.0	
15,245,68.0	
15,300,68.5	
15,313,68.1666666667	
15,33,71.3333333333	
15,333,69.0	
15,343,67.6666666667	
15,345,79.0	
15,413,69.4444444444	
15,43,74.3333333333	
15,433,64.5	
15,443,66.0	
15,445,72.6666666667	
15,45,73.0	
15,500,67.5	
15,513,68.375	
15,533,66.0	
15,543,69.5	
15,545,63.0	
15,600,69.6666666667	
15,613,69.0	
15,633,69.0	
15,643,63.0	
15,645,70.0	
15,700,68.8	
15,713,67.0	
15,733,65.0	
15,743,65.0	
15,745,58.0	
15,800,65.5	
15,813,77.0	
15,833,63.3333333333	
15,843,80.0	
15,900,55.0	
15,913,69.4285714286	
15,933,65.2	
15,943,66.6666666667	
15,945,63.5	
16,0,65.0	
16,100,74.0	
16,1000,67.3333333333	
16,1013,67.5	
16,1033,74.6666666667	
16,1043,67.8	
16,1045,75.5	
16,1100,61.5	
16,1113,66.6666666667	
16,113,66.2857142857	
16,1133,66.4	
16,1143,72.6666666667	
16,1145,73.0	
16,1200,65.8	
16,1213,65.2	
16,1233,76.5	
16,1243,66.0	
16,1245,58.0	
16,13,65.4	
16,1300,69.3333333333	
16,1313,68.1666666667	
16,133,70.5	
16,1333,62.0	
16,1343,57.5	
16,1345,76.3333333333	
16,1400,65.0	
16,1413,61.0	
16,143,66.5	
16,1433,80.0	
16,1443,71.0	
16,1445,73.6	
16,145,73.25	
16,1500,68.5	
16,1513,68.75	
16,1533,61.5	
16,1543,71.25	
16,1545,60.6666666667	
16,1600,61.3333333333	
16,1613,63.0	
16,1633,68.0	
16,1643,66.8	
16,1645,64.75	
16,1700,66.5	
16,1713,68.0	
16,1733,70.6666666667	
16,1743,61.5	
16,1745,70.25	
16,1800,65.0	
16,1813,68.5714285714	
16,1843,69.6666666667	
16,1845,62.0	
16,1900,69.0	
16,1913,68.25	
16,1933,69.1666666667	
16,1943,66.6666666667	
16,1945,68.0	
16,200,63.0	
16,2000,72.6666666667	
16,2013,72.3333333333	
16,2043,66.625	
16,2045,55.0	
16,2100,70.0	
16,2113,69.0	
16,213,65.9230769231	
16,2133,71.0	
16,2143,61.5	
16,2200,67.6666666667	
16,2213,64.2	
16,2233,70.5	
16,2243,66.75	
16,2300,70.2	
16,2313,66.5714285714	
16,233,74.5	
16,2333,71.875	
16,2343,69.5	
16,243,68.6	
16,245,62.75	
16,300,69.4	
16,313,58.0	
16,33,61.0	
16,333,72.0	
16,343,57.0	
16,345,57.0	
16,400,75.0	
16,413,71.5555555556	
16,43,73.0	
16,433,62.0	
16,443,72.0	
16,445,60.0	
16,45,66.0	
16,500,69.0	
16,513,72.6666666667	
16,533,68.0	
16,543,66.5	
16,545,70.0	
16,600,67.5	
16,613,69.8571428571	
16,633,66.0	
16,643,71.6666666667	
16,645,57.0	
16,700,73.0	
16,713,70.0	
16,733,69.5	
16,743,73.0	
16,745,64.3333333333	
16,800,70.0	
16,813,73.4	
16,833,67.4	
16,843,62.8333333333	
16,845,68.3333333333	
16,900,69.0	
16,913,68.125	
16,933,68.75	
16,943,59.6666666667	
16,945,64.0	
17,0,68.4285714286	
17,100,62.75	
17,1000,67.6666666667	
17,1013,66.9333333333	
17,1033,62.6	
17,1043,63.0	
17,1045,66.5	
17,1100,64.0	
17,1113,72.1111111111	
17,113,66.1111111111	
17,1133,56.0	
17,1143,62.3333333333	
17,1145,76.0	
17,1200,67.6666666667	
17,1213,70.6666666667	
17,1233,66.5	
17,1243,66.5	
17,1245,59.5	
17,13,64.0	
17,1300,67.8333333333	
17,1313,71.2222222222	
17,133,66.0	
17,1333,67.0	
17,1343,72.0	
17,1400,61.6666666667	
17,1413,65.8571428571	
17,143,70.0	
17,1433,64.3333333333	
17,1443,63.6666666667	
17,1445,65.0	
17,145,57.0	
17,1500,63.3333333333	
17,1513,67.0	
17,1533,72.75	
17,1543,62.5	
17,1600,62.6666666667	
17,1613,69.3333333333	
17,1633,67.5	
17,1643,69.0	
17,1645,64.0	
17,1700,61.75	
17,1713,71.4285714286	
17,1733,68.6666666667	
17,1743,70.0	
17,1745,71.25	
17,1800,68.0	
17,1813,59.4	
17,1833,75.0	
17,1843,64.6666666667	
17,1845,64.8	
17,1900,62.0	
17,1913,60.6666666667	
17,1933,69.5	
17,1943,74.3333333333	
17,200,75.75	
17,2000,66.3333333333	
17,2013,69.0	
17,2033,56.0	
17,2043,78.0	
17,2100,66.3333333333	
17,2113,68.5	
17,213,63.5	
17,2133,68.3333333333	
17,2143,64.0	
17,2145,70.0	
17,2200,60.5	
17,2213,67.8	
17,2233,58.0	
17,2243,65.0	
17,2245,68.5	
17,2300,59.0	
17,2313,66.5	
17,233,62.6666666667	
17,2333,68.3333333333	
17,2343,61.2	
17,2345,72.0	
17,300,59.5	
17,313,71.5	
17,33,68.5	
17,333,57.0	
17,343,65.75	
17,345,65.3333333333	
17,400,68.6	
17,413,66.0	
17,43,78.5	
17,443,65.3333333333	
17,445,62.6666666667	
17,45,72.0	
17,500,62.0	
17,513,66.8	
17,533,65.6666666667	
17,543,75.0	
17,600,77.0	
17,613,68.4	
17,633,68.5	
17,643,69.8333333333	
17,645,69.3333333333	
17,700,70.125	
17,713,68.8333333333	
17,733,65.0	
17,743,73.5	
17,745,70.0	
17,800,66.8333333333	
17,813,72.5	
17,833,70.0	
17,843,63.5	
17,845,65.3333333333	
17,900,74.0	
17,913,65.5	
17,933,61.5	
17,943,70.0	
17,945,66.0	
18,0,64.0	
18,100,74.0	
18,1000,80.0	
18,1013,67.1666666667	
18,1033,69.25	
18,1043,68.4	
18,1045,64.5	
18,1100,64.6666666667	
18,1113,70.8	
18,113,61.0	
18,1133,70.0	
18,1143,74.3333333333	
18,1145,61.5	
18,1200,63.0	
18,1213,67.2	
18,1233,56.0	
18,1243,67.5	
18,1245,75.0	
18,13,69.8333333333	
18,1300,65.0	
18,1313,64.0	
18,133,60.0	
18,1333,72.5	
18,1343,61.6666666667	
18,1345,57.0	
18,1413,66.6	
18,143,65.0	
18,1433,74.5	
18,1443,60.1428571429	
18,1445,64.5	
18,145,56.0	
18,1500,66.4285714286	
18,1513,58.0	
18,1533,70.25	
18,1543,78.0	
18,1545,67.2	
18,1613,65.6666666667	
18,1633,66.1666666667	
18,1643,66.5	
18,1645,58.0	
18,1700,72.6666666667	
18,1713,69.0	
18,1733,69.0	
18,1743,64.75	
18,1745,67.5	
18,1800,55.0	
18,1813,66.0	
18,1833,62.6666666667	
18,1843,69.75	
18,1845,71.0	
18,1900,67.0	
18,1913,67.0	
18,1933,56.0	
18,1945,66.0	
18,200,65.4285714286	
18,2000,64.5	
18,2013,68.3571428571	
18,2033,69.7142857143	
18,2043,68.1428571429	
18,2045,69.0	
18,2100,61.0	
18,2113,65.3333333333	
18,213,69.2	
18,2133,75.3333333333	
18,2143,66.875	
18,2213,66.5714285714	
18,2233,57.0	
18,2243,60.0	
18,2300,62.6	
18,2313,71.1428571429	
18,233,72.6	
18,2333,60.0	
18,2343,76.5	
18,2345,59.0	
18,243,70.5	
18,300,69.3333333333	
18,313,68.3333333333	
18,33,65.25	
18,333,65.0	
18,343,71.0	
18,345,62.3333333333	
18,400,70.0	
18,413,64.0	
18,43,68.6	
18,433,71.8	
18,443,63.6666666667	
18,445,63.0	
18,45,68.3333333333	
18,500,63.0	
18,513,68.1666666667	
18,533,69.0	
18,543,70.5	
18,545,70.6666666667	
18,600,64.0	
18,613,65.5	
18,643,61.0	
18,645,63.6666666667	
18,700,66.875	
18,713,63.3333333333	
18,733,67.0	
18,743,67.6	
18,745,76.0	
18,800,63.5	
18,813,70.8	
18,833,66.0	
18,843,72.5	
18,900,70.0	
18,913,66.875	
18,933,64.3333333333	
18,943,70.6	
18,945,67.5	
19,0,69.0	
19,100,60.0	
19,1000,69.5	
19,1013,69.6666666667	
19,1033,68.0	
19,1043,62.5	
19,1045,68.0	
19,1100,57.5	
19,1113,71.0909090909	
19,113,68.0	
19,1133,67.5	
19,1143,69.75	
19,1145,66.0	
19,1200,62.0	
19,1213,76.75	
19,1233,64.0	
19,1243,70.0	
19,1245,67.0	
19,13,73.0	
19,1300,69.0	
19,1313,70.125	
19,133,75.5	
19,1333,67.25	
19,1343,73.1666666667	
19,1345,70.0	
19,1400,72.0	
19,1413,69.8571428571	
19,143,72.0	
19,1433,72.5	
19,1443,68.1428571429	
19,1445,67.5	
19,145,68.5	
19,1500,69.6666666667	
19,1513,72.1666666667	
19,1533,74.0	
19,1543,67.0	
19,1545,65.0	
19,1600,71.3333333333	
19,1613,72.5	
19,1633,61.5	
19,1643,68.5	
19,1645,77.0	
19,1713,65.0	
19,1733,67.0	
19,1743,75.5	
19,1745,59.5	
19,1813,69.7142857143	
19,1833,68.1666666667	
19,1843,66.6	
19,1900,67.5	
19,1913,73.5	
19,1933,67.5	
19,1943,75.6666666667	
19,1945,70.0	
19,200,58.0	
19,2000,66.2	
19,2013,67.6666666667	
19,2043,63.6666666667	
19,2100,60.0	
19,2113,72.4	
19,213,63.4	
19,2133,69.6666666667	
19,2143,69.5	
19,2145,71.0	
19,2200,68.0	
19,2213,73.0	
19,2233,73.5	
19,2243,64.0	
19,2300,67.75	
19,2313,69.7142857143	
19,2343,70.6666666667	
19,2345,61.0	
19,243,67.5	
19,245,61.0	
19,300,64.3333333333	
19,313,72.0	
19,33,58.3333333333	
19,333,65.0	
19,343,68.4	
19,345,61.0	
19,400,65.6666666667	
19,413,60.2	
19,43,78.0	
19,433,63.3333333333	
19,443,69.25	
19,445,74.3333333333	
19,45,65.75	
19,500,64.5	
19,513,68.1666666667	
19,533,70.25	
19,543,72.0	
19,545,66.5	
19,600,73.6666666667	
19,613,67.25	
19,633,63.75	
19,643,68.75	
19,645,62.0	
19,700,68.5	
19,713,67.5	
19,733,57.0	
19,743,68.5	
19,745,65.0	
19,800,70.75	
19,813,63.5	
19,833,64.0	
19,843,68.3333333333	
19,845,62.5	
19,900,71.75	
19,913,68.8571428571	
19,933,69.6	
19,945,56.0	
1,0,67.3333333333	
1,100,67.5	
1,1000,62.75	
1,1013,62.0	
1,1033,72.0	
1,1043,70.8333333333	
1,1045,67.75	
1,1100,64.6666666667	
1,1113,58.5	
1,113,68.0	
1,1133,58.5	
1,1143,64.0	
1,1145,61.3333333333	
1,1200,73.0	
1,1213,62.1111111111	
1,1233,57.0	
1,1243,68.5	
1,1245,68.0	
1,13,70.0	
1,1300,67.2	
1,1313,67.25	
1,133,72.25	
1,1333,68.6	
1,1343,71.75	
1,1345,78.5	
1,1400,65.25	
1,1413,64.8333333333	
1,143,61.6666666667	
1,1433,70.6666666667	
1,1443,62.3333333333	
1,1445,73.0	
1,145,69.0	
1,1500,72.0	
1,1513,68.5	
1,1533,66.25	
1,1543,68.0	
1,1545,70.5	
1,1600,67.0	
1,1613,76.1666666667	
1,1633,75.0	
1,1643,69.5	
1,1645,65.0	
1,1700,70.4	
1,1713,63.7	
1,1733,64.2	
1,1743,67.5714285714	
1,1745,78.6666666667	
1,1800,72.0	
1,1813,68.7	
1,1833,74.0	
1,1843,72.0	
1,1900,74.0	
1,1913,64.6666666667	
1,1933,69.8571428571	
1,1943,67.0	
1,1945,69.0	
1,200,69.3333333333	
1,2000,67.3333333333	
1,2013,66.0	
1,2043,61.5	
1,2100,66.25	
1,2113,66.2222222222	
1,213,74.6666666667	
1,2143,79.0	
1,2200,65.0	
1,2213,64.6	
1,2233,56.0	
1,2243,56.0	
1,2245,75.0	
1,2300,64.3333333333	
1,2313,67.6	
1,233,62.0	
1,2333,65.0	
1,2343,70.5	
1,2345,74.0	
1,243,67.0	
1,245,58.0	
1,313,67.25	
1,33,72.75	
1,333,66.0	
1,343,60.75	
1,345,70.0	
1,400,74.0	
1,413,66.2727272727	
1,43,66.4	
1,433,69.0	
1,443,71.5	
1,445,76.5	
1,45,62.0	
1,500,72.0	
1,513,65.5714285714	
1,533,68.0	
1,543,65.0	
1,545,59.0	
1,600,63.0	
1,613,73.1666666667	
1,633,61.5	
1,643,78.0	
1,645,75.0	
1,700,65.5	
1,713,64.5	
1,733,68.0	
1,743,67.3333333333	
1,745,79.0	
1,813,64.5	
1,833,61.0	
1,843,75.25	
1,900,76.0	
1,913,66.2222222222	
1,933,70.0	
1,943,68.0	
1,945,59.0	
20,0,74.0	
20,100,68.8	
20,1000,63.3333333333	
20,1013,65.2	
20,1033,65.0	
20,1043,67.25	
20,1045,66.0	
20,1100,70.0	
20,1113,67.6	
20,113,64.0	
20,1133,69.6666666667	
20,1143,66.0	
20,1145,74.0	
20,1200,58.0	
20,1213,63.8571428571	
20,1233,69.5	
20,1245,79.0	
20,13,66.7142857143	
20,1300,72.0	
20,1313,66.3333333333	
20,133,62.8	
20,1333,69.0	
20,1343,73.0	
20,1345,67.0	
20,1400,62.5	
20,1413,65.0	
20,143,79.0	
20,1433,70.0	
20,1443,63.0	
20,1445,64.5	
20,145,63.0	
20,1500,66.3333333333	
20,1513,66.0	
20,1533,66.3333333333	
20,1543,78.0	
20,1545,71.4	
20,1600,67.0	
20,1613,72.6666666667	
20,1633,64.3333333333	
20,1643,64.25	
20,1645,68.3333333333	
20,1700,64.5	
20,1713,65.0	
20,1733,60.0	
20,1743,65.0	
20,1800,62.3333333333	
20,1813,73.1666666667	
20,1833,73.5	
20,1843,74.0	
20,1900,69.8333333333	
20,1913,66.0	
20,1933,68.0	
20,1943,68.3333333333	
20,1945,63.0	
20,200,72.5	
20,2000,69.0	
20,2013,63.5	
20,2033,71.3333333333	
20,2043,69.3333333333	
20,2100,74.0	
20,2113,62.4	
20,213,64.8333333333	
20,2133,59.0	
20,2143,70.6666666667	
20,2145,80.0	
20,2200,60.5	
20,2213,67.8571428571	
20,2233,63.3333333333	
20,2243,72.0	
20,2245,79.0	
20,2300,70.75	
20,2313,67.0	
20,233,56.0	
20,2333,66.5714285714	
20,2343,74.0	
20,2345,69.0	
20,243,63.6666666667	
20,245,70.0	
20,300,75.5	
20,313,67.25	
20,33,66.0	
20,333,61.3333333333	
20,343,68.2	
20,345,66.6666666667	
20,400,62.0	
20,413,71.2857142857	
20,43,66.5	
20,433,69.5714285714	
20,443,75.0	
20,445,70.0	
20,45,67.2	
20,500,71.5	
20,513,66.8	
20,533,68.6666666667	
20,543,61.5	
20,545,70.0	
20,600,66.0	
20,613,70.4	
20,633,65.6666666667	
20,643,60.0	
20,645,58.0	
20,700,67.5	
20,713,73.8333333333	
20,733,68.3333333333	
20,743,57.5	
20,745,70.5	
20,800,62.5	
20,813,63.0	
20,833,71.25	
20,843,65.6666666667	
20,845,75.0	
20,900,72.6666666667	
20,913,59.75	
20,933,70.0	
20,943,67.3333333333	
20,945,64.25	
2,0,69.6666666667	
2,100,76.0	
2,1000,66.75	
2,1013,65.0	
2,1033,66.5	
2,1043,56.0	
2,1045,73.3333333333	
2,1100,71.75	
2,1113,63.0	
2,113,63.7142857143	
2,1133,67.75	
2,1143,70.25	
2,1145,68.0	
2,1200,67.4285714286	
2,1213,71.0	
2,1233,72.8	
2,1243,69.0	
2,1245,74.25	
2,13,72.7777777778	
2,1300,78.0	
2,1313,72.0	
2,133,68.0	
2,1333,73.6666666667	
2,1343,72.0	
2,1400,78.0	
2,1413,73.6666666667	
2,143,65.0	
2,1433,70.75	
2,1443,76.5	
2,145,77.0	
2,1500,58.75	
2,1513,67.75	
2,1533,65.5	
2,1543,68.3333333333	
2,1545,65.0	
2,1600,67.6666666667	
2,1613,66.75	
2,1633,68.0	
2,1643,69.4	
2,1645,62.6666666667	
2,1700,78.0	
2,1713,66.0	
2,1733,71.3333333333	
2,1743,74.5	
2,1800,64.0	
2,1813,65.3333333333	
2,1833,56.0	
2,1843,69.4	
2,1845,79.5	
2,1900,68.5	
2,1913,64.2	
2,1933,69.25	
2,1943,66.5	
2,1945,79.0	
2,200,65.0	
2,2000,73.6666666667	
2,2013,73.5	
2,2033,74.25	
2,2043,69.0	
2,2045,75.0	
2,2100,68.1666666667	
2,2113,64.0	
2,213,67.0	
2,2133,72.0	
2,2143,65.5	
2,2145,76.5	
2,2200,74.0	
2,2213,67.3333333333	
2,2233,68.6666666667	
2,2243,75.6	
2,2300,70.5	
2,2313,63.25	
2,233,73.0	
2,2333,66.2	
2,2343,78.0	
2,2345,71.5	
2,243,66.25	
2,245,70.25	
2,300,63.5	
2,313,69.75	
2,33,67.3333333333	
2,333,69.1666666667	
2,343,67.8333333333	
2,345,78.0	
2,400,70.3333333333	
2,413,58.5	
2,43,67.2	
2,433,64.0	
2,443,76.0	
2,45,73.0	
2,500,65.0	
2,513,69.8571428571	
2,533,69.0	
2,543,63.6	
2,545,59.0	
2,600,58.5	
2,613,70.0	
2,633,73.1666666667	
2,643,68.5	
2,645,68.2	
2,713,68.5714285714	
2,733,68.6666666667	
2,743,76.0	
2,745,80.0	
2,800,67.0	
2,813,67.1	
2,833,62.0	
2,843,65.6666666667	
2,845,60.0	
2,900,66.0	
2,913,67.2	
2,933,64.5	
2,943,69.5	
2,945,70.75	
3,100,71.4	
3,1000,74.5	
3,1013,66.4	
3,1033,67.0	
3,1043,56.0	
3,1045,74.0	
3,1100,71.3333333333	
3,1113,65.0	
3,113,72.3333333333	
3,1133,63.6666666667	
3,1143,70.5	
3,1145,70.0	
3,1200,68.0	
3,1213,68.3333333333	
3,1233,58.0	
3,1243,65.5	
3,1245,65.5	
3,13,67.2	
3,1300,65.0	
3,1313,62.75	
3,133,67.5	
3,1333,59.0	
3,1343,62.5	
3,1345,69.0	
3,1400,79.0	
3,1413,68.7142857143	
3,143,67.0	
3,1433,71.0	
3,1443,63.75	
3,1445,62.0	
3,145,70.0	
3,1500,60.6666666667	
3,1513,73.5	
3,1533,66.6666666667	
3,1543,69.6	
3,1545,62.0	
3,1600,65.5	
3,1613,69.6666666667	
3,1643,69.0	
3,1645,64.75	
3,1700,63.0	
3,1713,68.5	
3,1733,71.0	
3,1743,75.3333333333	
3,1745,57.0	
3,1800,63.0	
3,1813,71.8333333333	
3,1833,67.1666666667	
3,1843,63.0	
3,1845,65.5	
3,1900,64.3333333333	
3,1913,73.0	
3,1933,64.0	
3,1943,69.0	
3,1945,68.6666666667	
3,200,77.5	
3,2000,64.0	
3,2013,69.2	
3,2033,63.75	
3,2043,71.5	
3,2045,70.0	
3,2100,71.0	
3,2113,68.0	
3,213,68.0	
3,2133,67.0	
3,2143,73.0	
3,2200,71.75	
3,2213,62.4	
3,2233,79.0	
3,2243,58.0	
3,2245,73.75	
3,2300,69.2	
3,2313,65.5	
3,233,58.3333333333	
3,2333,69.75	
3,2343,64.3333333333	
3,2345,66.0	
3,243,61.6666666667	
3,245,59.0	
3,300,63.6	
3,313,68.0	
3,33,74.1666666667	
3,333,70.5	
3,343,79.0	
3,345,65.0	
3,400,70.6	
3,413,69.0	
3,43,67.5	
3,433,72.25	
3,443,68.0	
3,445,65.5	
3,500,70.3333333333	
3,513,64.5	
3,533,68.75	
3,543,59.5	
3,545,68.8333333333	
3,600,71.0	
3,613,64.8	
3,633,68.3333333333	
3,643,68.0	
3,645,62.0	
3,700,59.5	
3,713,69.6	
3,733,64.0	
3,743,65.6666666667	
3,745,74.0	
3,800,68.0	
3,813,61.8	
3,833,65.0	
3,845,62.6666666667	
3,900,68.75	
3,913,69.4444444444	
3,933,58.6666666667	
3,943,64.0	
3,945,65.0	
4,0,71.25	
4,100,66.3333333333	
4,1000,70.6	
4,1013,68.5	
4,1033,71.0	
4,1043,69.0	
4,1045,65.0	
4,1100,64.0	
4,1113,60.5	
4,113,72.1666666667	
4,1133,67.0	
4,1143,75.0	
4,1145,68.0	
4,1200,75.0	
4,1213,62.6	
4,1233,68.8333333333	
4,1243,67.6	
4,1245,72.0	
4,13,70.4	
4,1300,67.0	
4,1313,70.3333333333	
4,133,63.2	
4,1343,75.0	
4,1345,69.0	
4,1400,63.0	
4,1413,69.4545454545	
4,143,69.6666666667	
4,1433,65.5	
4,1443,74.6666666667	
4,1445,75.5	
4,145,60.0	
4,1500,69.0	
4,1513,65.25	
4,1545,68.0	
4,1600,68.0	
4,1613,69.0	
4,1633,65.75	
4,1645,65.6666666667	
4,1700,66.0	
4,1713,66.6666666667	
4,1733,68.0	
4,1743,66.8	
4,1745,77.0	
4,1800,64.2	
4,1813,71.8571428571	
4,1833,74.0	
4,1843,70.0	
4,1845,56.5	
4,1900,59.6666666667	
4,1913,69.75	
4,1933,67.0	
4,1943,68.5	
4,1945,66.0	
4,200,57.0	
4,2000,64.25	
4,2013,61.0	
4,2033,65.5	
4,2043,68.3333333333	
4,2045,57.0	
4,2100,68.6	
4,2113,68.8888888889	
4,213,74.0	
4,2133,59.0	
4,2143,69.3333333333	
4,2145,63.0	
4,2200,68.75	
4,2213,65.75	
4,2233,64.0	
4,2243,72.5	
4,2245,69.5	
4,2300,67.5	
4,2313,64.0	
4,233,67.0	
4,2333,64.0	
4,2343,62.6666666667	
4,2345,67.0	
4,243,67.5	
4,245,63.0	
4,300,62.0	
4,313,67.5	
4,33,71.0	
4,333,70.6666666667	
4,343,65.5	
4,345,73.0	
4,400,69.5	
4,413,66.2	
4,43,73.5	
4,433,68.2	
4,443,69.3333333333	
4,445,68.3333333333	
4,45,74.5	
4,500,69.25	
4,513,70.0	
4,533,68.5	
4,543,65.8	
4,545,77.0	
4,600,70.6666666667	
4,613,68.5	
4,633,64.3333333333	
4,643,68.3333333333	
4,645,76.0	
4,700,66.0	
4,713,70.0	
4,733,73.8571428571	
4,743,74.0	
4,745,59.6	
4,800,67.0	
4,813,71.0	
4,833,64.0	
4,843,67.6666666667	
4,845,62.0	
4,900,64.6666666667	
4,913,65.0	
4,933,66.5	
4,943,74.6666666667	
4,945,71.5	
5,0,63.0	
5,100,71.0	
5,1000,66.8333333333	
5,1013,68.3333333333	
5,1033,66.25	
5,1043,71.3333333333	
5,1045,64.0	
5,1100,69.0	
5,1113,70.0	
5,113,66.4	
5,1143,67.5	
5,1145,69.6666666667	
5,1200,69.4	
5,1213,64.8333333333	
5,1233,63.3333333333	
5,1243,65.5	
5,1245,60.0	
5,13,74.8	
5,1300,73.2	
5,1313,69.0	
5,133,70.0	
5,1333,67.5	
5,1343,61.0	
5,1345,67.6	
5,1400,74.6666666667	
5,1413,67.3333333333	
5,143,65.5	
5,1433,71.6666666667	
5,1443,62.0	
5,1445,62.3333333333	
5,145,65.3333333333	
5,1500,79.0	
5,1513,64.0	
5,1533,63.0	
5,1543,66.5	
5,1545,63.3333333333	
5,1600,71.0	
5,1613,60.0	
5,1633,68.0	
5,1643,67.4	
5,1645,68.25	
5,1700,77.0	
5,1713,68.3333333333	
5,1733,70.5	
5,1743,71.0	
5,1745,55.0	
5,1800,60.5	
5,1813,67.0	
5,1833,71.5	
5,1843,67.25	
5,1845,67.0	
5,1900,74.5	
5,1913,71.6666666667	
5,1933,64.25	
5,1943,66.0	
5,1945,55.0	
5,200,65.0	
5,2000,63.0	
5,2013,66.1428571429	
5,2033,73.0	
5,2045,65.0	
5,2100,63.5	
5,2113,61.6	
5,213,68.6	
5,2133,56.0	
5,2143,70.0	
5,2145,74.6666666667	
5,2200,62.0	
5,2213,68.8333333333	
5,2233,66.6666666667	
5,2243,66.5	
5,2245,68.3333333333	
5,2300,66.4	
5,2313,64.2	
5,233,65.0	
5,2333,68.0	
5,2343,66.8	
5,2345,71.3333333333	
5,243,69.8	
5,245,75.5	
5,300,63.5	
5,313,71.0	
5,33,69.0	
5,333,69.75	
5,343,73.0	
5,345,75.5	
5,400,71.5	
5,413,69.3333333333	
5,43,70.0	
5,433,65.0	
5,443,63.75	
5,445,74.5	
5,45,78.0	
5,500,61.0	
5,513,61.6	
5,533,62.75	
5,543,67.3333333333	
5,545,58.0	
5,613,65.6	
5,633,65.0	
5,643,65.2	
5,645,64.5	
5,700,74.0	
5,713,68.8333333333	
5,733,73.5	
5,743,58.0	
5,745,64.25	
5,800,62.0	
5,813,67.1666666667	
5,833,74.5	
5,843,68.5	
5,845,57.0	
5,900,78.0	
5,913,65.75	
5,933,68.25	
5,943,70.3333333333	
5,945,64.8	
6,0,71.5	
6,100,75.5	
6,1000,67.0	
6,1013,64.7777777778	
6,1033,70.0	
6,1043,63.0	
6,1100,73.6666666667	
6,1113,68.8	
6,113,60.5	
6,1133,63.3333333333	
6,1143,67.2857142857	
6,1145,77.0	
6,1200,66.3333333333	
6,1213,69.3	
6,1233,67.3333333333	
6,1243,70.4	
6,1245,63.5	
6,13,66.8	
6,1300,66.5	
6,1313,69.8333333333	
6,133,77.0	
6,1333,63.5	
6,1343,73.3333333333	
6,1345,67.25	
6,1400,72.8333333333	
6,1413,68.4285714286	
6,143,62.0	
6,1433,62.5	
6,1443,77.0	
6,1445,67.5	
6,145,60.5	
6,1500,74.0	
6,1513,64.1428571429	
6,1533,58.0	
6,1543,72.6666666667	
6,1545,65.6666666667	
6,1600,66.0	
6,1613,67.0	
6,1633,67.0	
6,1643,66.75	
6,1645,72.0	
6,1700,67.5	
6,1713,71.2	
6,1733,62.0	
6,1743,64.3333333333	
6,1745,73.5	
6,1800,56.0	
6,1813,69.4	
6,1833,74.3333333333	
6,1843,71.0	
6,1845,63.0	
6,1900,67.6	
6,1913,69.5714285714	
6,1933,70.5	
6,1943,64.5	
6,1945,68.0	
6,200,72.0	
6,2000,73.0	
6,2013,64.25	
6,2033,64.3333333333	
6,2043,61.75	
6,2045,66.0	
6,2100,67.6666666667	
6,2113,68.8	
6,213,67.4	
6,2133,64.4	
6,2143,63.6666666667	
6,2145,67.3333333333	
6,2200,69.0	
6,2213,63.6	
6,2233,65.75	
6,2243,73.0	
6,2245,60.0	
6,2300,64.5	
6,2313,70.6666666667	
6,2333,65.5	
6,2343,68.0	
6,2345,72.5	
6,243,69.5	
6,245,67.0	
6,300,70.0	
6,313,70.5	
6,33,67.0	
6,333,67.5	
6,343,69.6666666667	
6,345,62.6666666667	
6,400,68.5	
6,413,65.0	
6,43,71.0	
6,433,66.25	
6,443,66.25	
6,445,62.0	
6,45,59.0	
6,500,63.0	
6,513,67.0909090909	
6,533,72.6666666667	
6,543,56.0	
6,600,70.0	
6,613,72.2	
6,633,67.0	
6,643,69.6	
6,645,60.5	
6,700,68.5	
6,713,65.5714285714	
6,733,62.5	
6,743,66.5	
6,745,74.0	
6,800,65.8	
6,813,74.0	
6,845,68.3333333333	
6,900,68.0	
6,913,73.75	
6,933,62.0	
6,943,69.25	
7,0,66.6666666667	
7,100,67.0	
7,1000,71.0	
7,1013,68.5	
7,1033,73.0	
7,1043,64.8333333333	
7,1100,68.3333333333	
7,1113,69.4	
7,113,60.0	
7,1133,60.6666666667	
7,1143,70.0	
7,1145,75.0	
7,1200,70.6666666667	
7,1213,66.0	
7,1233,73.0	
7,1243,72.0	
7,1245,64.0	
7,13,73.3333333333	
7,1300,67.0	
7,1313,66.6666666667	
7,133,67.6666666667	
7,1333,65.0	
7,1343,61.3333333333	
7,1345,70.0	
7,1400,66.0	
7,1413,69.7142857143	
7,143,70.2	
7,1433,63.0	
7,1443,71.3333333333	
7,145,71.0	
7,1500,70.0	
7,1513,68.75	
7,1533,80.0	
7,1543,65.3333333333	
7,1545,75.5	
7,1600,74.0	
7,1613,69.6	
7,1633,70.0	
7,1643,69.5	
7,1700,69.0	
7,1713,68.6666666667	
7,1733,74.0	
7,1743,65.5	
7,1745,71.2	
7,1800,64.5	
7,1813,67.3333333333	
7,1833,60.3333333333	
7,1843,74.0	
7,1845,66.3333333333	
7,1900,56.0	
7,1913,66.875	
7,1933,66.25	
7,1943,71.1666666667	
7,200,62.6666666667	
7,2000,67.6666666667	
7,2013,69.1428571429	
7,2033,75.3333333333	
7,2043,72.0	
7,2045,73.0	
7,2100,65.5	
7,2113,68.5	
7,213,65.5	
7,2133,69.0	
7,2143,69.75	
7,2145,62.5	
7,2200,64.6	
7,2213,66.2857142857	
7,2233,65.6666666667	
7,2243,72.75	
7,2245,67.6666666667	
7,2300,73.0	
7,2313,73.5	
7,233,70.0	
7,2333,73.3333333333	
7,2343,69.0	
7,2345,76.0	
7,243,75.0	
7,245,73.0	
7,300,67.3333333333	
7,313,64.5555555556	
7,33,62.0	
7,333,65.6666666667	
7,343,66.0	
7,345,79.0	
7,400,68.8333333333	
7,413,67.4285714286	
7,43,55.0	
7,433,63.0	
7,443,70.3333333333	
7,445,68.5	
7,45,69.0	
7,500,62.5	
7,513,65.25	
7,533,71.3333333333	
7,543,73.0	
7,545,71.0	
7,600,70.0	
7,613,62.6666666667	
7,633,72.8	
7,643,58.0	
7,645,71.6666666667	
7,700,74.0	
7,713,65.7142857143	
7,733,73.0	
7,743,74.4	
7,745,67.6666666667	
7,800,64.0	
7,813,71.1666666667	
7,843,65.75	
7,845,62.6666666667	
7,900,67.0	
7,913,67.125	
7,933,63.6666666667	
7,943,74.75	
8,0,71.8333333333	
8,100,72.3333333333	
8,1000,58.0	
8,1013,70.4	
8,1033,67.4	
8,1043,61.0	
8,1100,67.4285714286	
8,1113,60.3333333333	
8,113,64.25	
8,1133,61.5	
8,1143,64.5	
8,1145,78.0	
8,1200,74.0	
8,1213,72.4	
8,1233,69.5	
8,1243,73.0	
8,1245,73.0	
8,13,70.5555555556	
8,1300,77.0	
8,1313,70.75	
8,133,70.75	
8,1333,60.3333333333	
8,1343,71.75	
8,1345,77.0	
8,1400,68.0	
8,1413,69.0	
8,143,69.5	
8,1433,70.2	
8,1443,63.5	
8,1445,69.6666666667	
8,1500,69.0	
8,1513,65.6	
8,1533,58.0	
8,1543,63.0	
8,1545,76.0	
8,1613,63.8	
8,1633,74.5	
8,1643,61.0	
8,1700,78.0	
8,1713,65.4285714286	
8,1733,70.0	
8,1743,63.0	
8,1745,68.3333333333	
8,1800,69.7777777778	
8,1813,64.875	
8,1843,65.3333333333	
8,1845,69.0	
8,1900,76.3333333333	
8,1913,68.0	
8,1943,76.0	
8,1945,69.0	
8,200,61.3333333333	
8,2000,70.0	
8,2013,70.875	
8,2033,63.5	
8,2043,65.3333333333	
8,2045,69.0	
8,2100,72.0	
8,2113,70.6666666667	
8,213,69.4	
8,2133,69.2	
8,2145,65.0	
8,2200,61.0	
8,2213,68.0	
8,2233,71.5	
8,2243,69.6666666667	
8,2245,66.5	
8,2300,77.0	
8,2313,69.8	
8,233,74.0	
8,2333,73.0	
8,2343,62.0	
8,2345,69.0	
8,243,69.5	
8,245,62.0	
8,300,67.6666666667	
8,313,60.5	
8,33,73.3333333333	
8,333,74.0	
8,343,70.3333333333	
8,345,71.5	
8,400,61.5	
8,413,69.1666666667	
8,43,68.8	
8,433,67.0	
8,443,64.5	
8,445,70.5	
8,45,72.0	
8,500,68.6666666667	
8,513,67.0	
8,533,66.0	
8,543,65.3333333333	
8,545,66.6666666667	
8,600,61.5	
8,613,70.4444444444	
8,633,61.0	
8,643,74.0	
8,645,68.0	
8,700,60.0	
8,713,63.5714285714	
8,733,72.0	
8,743,72.6666666667	
8,745,78.0	
8,800,67.5714285714	
8,813,65.3333333333	
8,833,78.0	
8,843,65.5	
8,845,66.0	
8,900,63.75	
8,913,62.6666666667	
8,933,74.0	
8,943,69.0	
9,0,70.0	
9,100,74.3333333333	
9,1000,65.5	
9,1013,65.2857142857	
9,1043,66.0	
9,1045,59.0	
9,1100,65.6666666667	
9,1113,66.5714285714	
9,113,71.25	
9,1133,63.0	
9,1145,63.0	
9,1200,73.8	
9,1213,71.3333333333	
9,1233,65.6666666667	
9,1243,64.0	
9,1245,73.5	
9,13,71.3333333333	
9,1300,72.3333333333	
9,1313,71.4285714286	
9,133,69.0	
9,1333,64.0	
9,1343,57.0	
9,1345,62.0	
9,1400,64.5	
9,1413,67.4	
9,143,66.0	
9,1433,68.5	
9,1445,58.6666666667	
9,145,73.25	
9,1500,68.5	
9,1513,69.9	
9,1533,58.5	
9,1543,77.0	
9,1545,62.6666666667	
9,1600,65.5	
9,1613,65.6	
9,1633,67.6666666667	
9,1643,68.75	
9,1645,58.0	
9,1700,67.0	
9,1713,59.0	
9,1733,65.5	
9,1743,70.0	
9,1745,74.0	
9,1800,61.6666666667	
9,1813,61.6666666667	
9,1833,76.0	
9,1843,79.0	
9,1845,62.5	
9,1900,62.5	
9,1913,65.125	
9,1933,72.0	
9,1943,60.6666666667	
9,1945,69.75	
9,200,63.7777777778	
9,2000,69.0	
9,2013,63.6	
9,2033,66.6	
9,2043,65.5	
9,2045,78.5	
9,2100,62.0	
9,2113,68.7142857143	
9,213,63.0	
9,2133,60.5	
9,2143,66.0	
9,2200,67.3333333333	
9,2213,68.75	
9,2233,66.5	
9,2243,75.5	
9,2245,65.0	
9,2300,59.0	
9,2313,64.6666666667	
9,233,72.5	
9,2333,62.0	
9,2343,65.0	
9,243,65.6666666667	
9,245,57.0	
9,300,71.0	
9,313,69.3333333333	
9,33,72.0	
9,333,80.0	
9,343,63.3333333333	
9,345,64.0	
9,400,75.6666666667	
9,413,63.8571428571	
9,43,78.0	
9,433,62.0	
9,443,64.0	
9,445,76.3333333333	
9,45,72.5	
9,500,68.6666666667	
9,513,68.5	
9,533,69.5	
9,543,63.0	
9,600,64.0	
9,613,68.7142857143	
9,633,60.0	
9,643,65.75	
9,645,62.0	
9,700,68.2	
9,713,70.8	
9,733,72.5	
9,743,65.5	
9,745,76.0	
9,800,72.5	
9,813,64.1111111111	
9,833,62.3333333333	
9,843,65.5	
9,845,69.3333333333	
9,913,66.7142857143	
9,933,59.5	
9,943,60.75	
9,945,68.6	
